[
{
    "model": "service.test",
    "pk": 3,
    "fields": {
        "name": "\u0423\u0440\u043e\u0432\u0435\u043d\u044c \u0433\u0440\u0430\u043c\u043e\u0442\u043d\u043e\u0441\u0442\u0438"
    }
},
{
    "model": "service.test",
    "pk": 4,
    "fields": {
        "name": "\u0427\u0438\u0441\u043b\u0430"
    }
},
{
    "model": "service.question",
    "pk": 5,
    "fields": {
        "text": "\u0411\u0443\u043a\u0432\u0430 -\u043e- \u043f\u0438\u0448\u0435\u0442\u0441\u044f \u0432 \u0441\u043b\u043e\u0432\u0435",
        "qset": 3
    }
},
{
    "model": "service.question",
    "pk": 6,
    "fields": {
        "text": "\u0411\u0443\u043a\u0432\u0430 -\u043e- \u043f\u0438\u0448\u0435\u0442\u0441\u044f \u0432 \u0441\u043b\u043e\u0432\u0435",
        "qset": 3
    }
},
{
    "model": "service.question",
    "pk": 7,
    "fields": {
        "text": "\u0411\u0443\u043a\u0432\u0430 -\u0435- \u043f\u0438\u0448\u0435\u0442\u0441\u044f \u0432 \u0441\u043b\u043e\u0432\u0435",
        "qset": 3
    }
},
{
    "model": "service.question",
    "pk": 8,
    "fields": {
        "text": "\u0411\u0443\u043a\u0432\u0430 -\u0435- \u043f\u0438\u0448\u0435\u0442\u0441\u044f \u0432 \u0441\u043b\u043e\u0432\u0435",
        "qset": 3
    }
},
{
    "model": "service.question",
    "pk": 9,
    "fields": {
        "text": "2+2=",
        "qset": 4
    }
},
{
    "model": "service.question",
    "pk": 10,
    "fields": {
        "text": "3+3=",
        "qset": 4
    }
},
{
    "model": "service.question",
    "pk": 11,
    "fields": {
        "text": "4+4=",
        "qset": 4
    }
},
{
    "model": "service.answer",
    "pk": 14,
    "fields": {
        "question": 5,
        "text": "\u043f\u043e\u0440\u2026\u0432\u043d\u044f\u0442\u044c\u0441\u044f",
        "is_true": false
    }
},
{
    "model": "service.answer",
    "pk": 15,
    "fields": {
        "question": 5,
        "text": "\u0432\u044b\u0441\u043a\u2026\u0447\u043a\u0430",
        "is_true": true
    }
},
{
    "model": "service.answer",
    "pk": 16,
    "fields": {
        "question": 5,
        "text": "\u043d\u0430\u0440\u2026\u0441\u0442\u0438\u0442\u044c",
        "is_true": false
    }
},
{
    "model": "service.answer",
    "pk": 17,
    "fields": {
        "question": 5,
        "text": "\u0430\u043b\u044c\u0442\u0435\u0440\u043d\u2026\u0442\u0438\u0432\u0430",
        "is_true": false
    }
},
{
    "model": "service.answer",
    "pk": 18,
    "fields": {
        "question": 5,
        "text": "\u0432\u044b\u0448\u043a\u2026\u043b\u0438\u0442\u044c \u0440\u0435\u0431\u0451\u043d\u043a\u0430",
        "is_true": true
    }
},
{
    "model": "service.answer",
    "pk": 19,
    "fields": {
        "question": 6,
        "text": "\u043e\u0431\u0440\u0435\u0447\u2026\u043d\u043d\u044b\u0439",
        "is_true": false
    }
},
{
    "model": "service.answer",
    "pk": 20,
    "fields": {
        "question": 6,
        "text": "\u0436\u2026\u0440\u043d\u043e\u0432",
        "is_true": false
    }
},
{
    "model": "service.answer",
    "pk": 21,
    "fields": {
        "question": 6,
        "text": "\u0431\u0435\u0440\u0435\u0436\u2026\u043a",
        "is_true": true
    }
},
{
    "model": "service.answer",
    "pk": 22,
    "fields": {
        "question": 6,
        "text": "\u043c\u043e\u043b\u043e\u0434\u043e\u0436\u2026\u043d\u044b",
        "is_true": false
    }
},
{
    "model": "service.answer",
    "pk": 23,
    "fields": {
        "question": 6,
        "text": "\u043d\u0430\u0434 \u043f\u043b\u0435\u0447\u2026\u043c",
        "is_true": true
    }
},
{
    "model": "service.answer",
    "pk": 24,
    "fields": {
        "question": 7,
        "text": "\u043f\u0440\u043e\u0441\u0432\u2026\u0449\u0435\u043d\u0438\u0435",
        "is_true": true
    }
},
{
    "model": "service.answer",
    "pk": 25,
    "fields": {
        "question": 7,
        "text": "\u0437\u0430\u043c\u2026\u0440\u0430\u044e\u0449\u0438\u0435 \u0437\u0432\u0443\u043a\u0438",
        "is_true": false
    }
},
{
    "model": "service.answer",
    "pk": 26,
    "fields": {
        "question": 7,
        "text": "\u044d\u043a\u0441\u043f\u2026\u0440\u0438\u043c\u0435\u043d\u0442",
        "is_true": true
    }
},
{
    "model": "service.answer",
    "pk": 27,
    "fields": {
        "question": 7,
        "text": "\u043f\u0440\u2026\u0432\u0435\u0440\u0436\u0435\u043d\u0435\u0446",
        "is_true": false
    }
},
{
    "model": "service.answer",
    "pk": 28,
    "fields": {
        "question": 7,
        "text": "\u043f\u0440\u2026\u0445\u043e\u0434\u044f\u0449\u0438\u0435 \u0442\u0440\u0443\u0434\u043d\u043e\u0441\u0442\u0438",
        "is_true": true
    }
},
{
    "model": "service.answer",
    "pk": 29,
    "fields": {
        "question": 8,
        "text": "\u043d\u0435 \u0441\u043b\u044b\u0448\u0430\u0442\u044c \u0441\u0432\u0438\u0440\u0435\u043b\u2026",
        "is_true": false
    }
},
{
    "model": "service.answer",
    "pk": 30,
    "fields": {
        "question": 8,
        "text": "\u0430\u0432\u0430\u0440\u0438\u044f \u043d\u0430 \u0433\u0430\u0437\u043e\u043f\u0440\u043e\u0432\u043e\u0434\u2026",
        "is_true": true
    }
},
{
    "model": "service.answer",
    "pk": 31,
    "fields": {
        "question": 8,
        "text": "\u0445\u043b\u0435\u0431 \u043a\u0440\u043e\u0448\u2026\u0442\u0441\u044f",
        "is_true": false
    }
},
{
    "model": "service.answer",
    "pk": 32,
    "fields": {
        "question": 8,
        "text": "\u0447\u0438\u0442\u0430\u0442\u044c \u043e\u0431 \u0430\u0440\u0438\u0441\u0442\u043e\u043a\u0440\u0430\u0442\u0438\u2026",
        "is_true": false
    }
},
{
    "model": "service.answer",
    "pk": 33,
    "fields": {
        "question": 8,
        "text": "\u043e\u043d \u043d\u0435 \u0436\u0430\u043b\u0435\u2026\u0442",
        "is_true": true
    }
},
{
    "model": "service.answer",
    "pk": 34,
    "fields": {
        "question": 9,
        "text": "3",
        "is_true": false
    }
},
{
    "model": "service.answer",
    "pk": 35,
    "fields": {
        "question": 9,
        "text": "4",
        "is_true": true
    }
},
{
    "model": "service.answer",
    "pk": 36,
    "fields": {
        "question": 9,
        "text": "5",
        "is_true": false
    }
},
{
    "model": "service.answer",
    "pk": 37,
    "fields": {
        "question": 9,
        "text": "\u0427\u0435\u0442\u044b\u0440\u0435",
        "is_true": true
    }
},
{
    "model": "service.answer",
    "pk": 38,
    "fields": {
        "question": 10,
        "text": "3",
        "is_true": false
    }
},
{
    "model": "service.answer",
    "pk": 39,
    "fields": {
        "question": 10,
        "text": "4",
        "is_true": false
    }
},
{
    "model": "service.answer",
    "pk": 40,
    "fields": {
        "question": 10,
        "text": "6",
        "is_true": true
    }
},
{
    "model": "service.answer",
    "pk": 41,
    "fields": {
        "question": 10,
        "text": "\u0428\u0435\u0441\u0442\u044c",
        "is_true": true
    }
},
{
    "model": "service.answer",
    "pk": 42,
    "fields": {
        "question": 11,
        "text": "5",
        "is_true": false
    }
},
{
    "model": "service.answer",
    "pk": 43,
    "fields": {
        "question": 11,
        "text": "2^3",
        "is_true": true
    }
},
{
    "model": "service.answer",
    "pk": 44,
    "fields": {
        "question": 11,
        "text": "4",
        "is_true": false
    }
},
{
    "model": "service.answer",
    "pk": 45,
    "fields": {
        "question": 11,
        "text": "8",
        "is_true": true
    }
},
{
    "model": "auth.user",
    "pk": 1,
    "fields": {
        "password": "pbkdf2_sha256$24000$DeF17ZcbLp5o$l6tr81/xK9s1UNP9COsRbXRDN7KnVfnO3aej6cV4x1o=",
        "last_login": "2016-02-01T12:32:26.518Z",
        "is_superuser": true,
        "username": "admin",
        "first_name": "",
        "last_name": "",
        "email": "",
        "is_staff": true,
        "is_active": true,
        "date_joined": "2016-01-28T20:00:52.189Z",
        "groups": [],
        "user_permissions": []
    }
}
]
